{
  "id": "avclient-livekit",
  "name": "avclient-livekit",
  "title": "LiveKit AVClient",
  "description": "Use LiveKit to handle A/V",
  "author": "bekit",
  "authors": [
    {
      "name": "bekit",
      "email": "fvtt-module-help@bekit.net",
      "url": "https://bekit.net",
      "discord": "bekit#4213",
      "patreon": "bekit",
      "ko-fi": "bekit",
      "twitter": "@bekit"
    }
  ],
  "version": "0.6.0",
  "compatibility": {
    "minimum": "9.238",
    "verified": "12"
  },
  "minimumCoreVersion": "9.238",
  "compatibleCoreVersion": "12",
  "manifestPlusVersion": "1.2.0",
  "esmodules": ["avclient-livekit.bundle.js"],
  "styles": ["css/avclient-livekit.css"],
  "socket": true,
  "url": "https://github.com/niktto/fvtt-module-avclient-livekit",
  "manifest": "https://github.com/niktto/fvtt-module-avclient-livekit/releases/latest/download/module.json",
  "download": "https://github.com/niktto/fvtt-module-avclient-livekit/archive/refs/heads/main.zip",
  "readme": "https://github.com/niktto/fvtt-module-avclient-livekit/blob/main/README.md",
  "changelog": "https://github.com/niktto/fvtt-module-avclient-livekit/blob/main/CHANGELOG.md",
  "bugs": "https://github.com/niktto/fvtt-module-avclient-livekit/issues",
  "languages": [
    {
      "lang": "en",
      "name": "English",
      "path": "lang/en.json"
    },
    {
      "lang": "es",
      "name": "Español",
      "path": "lang/es.json"
    }
  ]
}
